﻿[
	{
		"id": "101",
		"name": "魔龙头盔",
		"icon": "男性头盔 (2)",
		"inventoryType": "装备",
		"equipType": "头部",
		"sale": "800",
		"starLevel": "3",
		"quality": "5",
		"damage": "100",
		"hp": "1000",
		"power": "10",
		"Des": "使用魔龙皮制作的头盔"
	},
	{
		"id": "102",
		"name": "魔龙铠甲",
		"icon": "男性盔甲 (2)",
		"inventoryType": "装备",
		"equipType": "衣服",
		"sale": "1000",
		"starLevel": "5",
		"quality": "4",
		"damage": "0",
		"hp": "100",
		"power": "200",
		"Des": "使用魔龙皮制作的盔甲"
	},
	{
		"id": "103",
		"name": "魔龙战靴",
		"icon": "男性靴子 (2)",
		"inventoryType": "装备",
		"equipType": "鞋子",
		"sale": "500",
		"starLevel": "5",
		"quality": "4",
		"damage": "99",
		"hp": "100",
		"power": "200",
		"Des": "使用魔龙皮制作的鞋子"
	},
	{
		"id": "104",
		"name": "魔龙战斧",
		"icon": "男性武器 (2)",
		"inventoryType": "装备",
		"equipType": "武器",
		"sale": "10000",
		"starLevel": "5",
		"quality": "4",
		"damage": "99",
		"hp": "100",
		"power": "200",
		"Des": "使用魔龙角制作的斧子"
	},
	{
		"id": "105",
		"name": "魔龙之翼",
		"icon": "男性翅膀 (1)",
		"inventoryType": "装备",
		"equipType": "翅膀",
		"sale": "100000",
		"starLevel": "5",
		"quality": "4",
		"damage": "99",
		"hp": "100",
		"power": "200",
		"Des": "使用魔龙皮制作的翅膀"
	},
	{
		"id": "106",
		"name": "魔龙手镯",
		"icon": "男性手镯 (2)",
		"inventoryType": "装备",
		"equipType": "手镯",
		"sale": "600",
		"starLevel": "5",
		"quality": "4",
		"damage": "0",
		"hp": "100",
		"power": "200",
		"Des": "使用魔龙骨头制作的手镯"
	},
	{
		"id": "107",
		"name": "魔龙戒指",
		"icon": "男性戒指 (2)",
		"inventoryType": "装备",
		"equipType": "戒指",
		"sale": "700",
		"starLevel": "2",
		"quality": "4",
		"damage": "0",
		"hp": "100",
		"power": "200",
		"Des": "使用魔龙骨头制作的戒指"
	},
	{
		"id": "108",
		"name": "魔龙项链",
		"icon": "男性项链 (2)",
		"inventoryType": "装备",
		"equipType": "项链",
		"sale": "800",
		"starLevel": "1",
		"quality": "4",
		"damage": "0",
		"hp": "100",
		"power": "200",
		"Des": "使用魔龙骨头制作的项链"
	},
	{
		"id": "109",
		"name": "凤凰羽冠",
		"icon": "女性帽子 (2)",
		"inventoryType": "装备",
		"equipType": "头部",
		"sale": "900",
		"starLevel": "5",
		"quality": "4",
		"damage": "0",
		"hp": "100",
		"power": "200",
		"Des": "使用凤凰羽毛制作的帽子"
	},
	{
		"id": "110",
		"name": "凤凰战袍",
		"icon": "女性盔甲 (2)",
		"inventoryType": "装备",
		"equipType": "衣服",
		"sale": "1000",
		"starLevel": "1",
		"quality": "4",
		"damage": "0",
		"hp": "100",
		"power": "200",
		"Des": "使用凤凰羽毛制作的衣服"
	},
	{
		"id": "111",
		"name": "凤凰战靴",
		"icon": "女性 靴子 (2)",
		"inventoryType": "装备",
		"equipType": "鞋子",
		"sale": "1200",
		"starLevel": "5",
		"quality": "4",
		"damage": "0",
		"hp": "100",
		"power": "200",
		"Des": "使用凤凰羽毛制作的鞋子"
	},
	{
		"id": "112",
		"name": "凤凰权杖",
		"icon": "女性武器 (2)",
		"inventoryType": "装备",
		"equipType": "武器",
		"sale": "70000",
		"starLevel": "5",
		"quality": "4",
		"damage": "0",
		"hp": "100",
		"power": "200",
		"Des": "使用凤凰栖息的梧桐树枝制作的法杖"
	},
	{
		"id": "113",
		"name": "凤凰羽翼",
		"icon": "女性翅膀 (2)",
		"inventoryType": "装备",
		"equipType": "翅膀",
		"sale": "1000000",
		"starLevel": "5",
		"quality": "4",
		"damage": "10000",
		"hp": "20000",
		"power": "10000",
		"Des": "使用凤凰羽毛制作的翅膀"
	},
	{
		"id": "114",
		"name": "凤凰手镯",
		"icon": "女性手镯 (2)",
		"inventoryType": "装备",
		"equipType": "手镯",
		"sale": "5000",
		"starLevel": "5",
		"quality": "4",
		"damage": "0",
		"hp": "100",
		"power": "200",
		"Des": "使用凤凰羽毛制作的手镯"
	},
	{
		"id": "115",
		"name": "凤凰戒指",
		"icon": "女性戒指 (1)",
		"inventoryType": "装备",
		"equipType": "戒指",
		"sale": "4000",
		"starLevel": "5",
		"quality": "4",
		"damage": "0",
		"hp": "100",
		"power": "200",
		"Des": "使用凤凰羽毛制作的戒指"
	},
	{
		"id": "116",
		"name": "凤凰项链",
		"icon": "女性项链 (1)",
		"inventoryType": "装备",
		"equipType": "项链",
		"sale": "4000",
		"starLevel": "5",
		"quality": "4",
		"damage": "0",
		"hp": "100",
		"power": "200",
		"Des": "使用凤凰羽毛制作的项链"
	},
	{
		"id": "117",
		"name": "大血瓶",
		"icon": "大体力丹",
		"inventoryType": "药品",
		"sale": "100",
		"starLevel": "0",
		"quality": "0",
		"damage": "0",
		"hp": "0",
		"power": "0",
		"infoType": "HP",
		"applyNum": "10",
		"Des": "使用后增加10点血量"
	},
	{
		"id": "118",
		"name": "小魔法丹",
		"icon": "小体力丹",
		"inventoryType": "药品",
		"sale": "70",
		"starLevel": "0",
		"quality": "0",
		"damage": "0",
		"hp": "0",
		"power": "0",
		"infoType": "MP",
		"applyNum": "5",
		"Des": "使用后增加5点魔法值"
	},
	{
		"id": "119",
		"name": "宝箱",
		"icon": "宝箱",
		"inventoryType": "宝箱",
		"sale": "100000",
		"starLevel": "0",
		"quality": "0",
		"damage": "0",
		"hp": "0",
		"power": "0",
		"infoType": "0",
		"applyNum": "0",
		"Des": "使用后随机产生一件装备"
	}
]